<?xml version="1.0" encoding="utf-8" ?><dwsync><file name="comments.php" server="wavesecurehosting.com" local="3429614789" remote="318763443821534052" Dst="-1" /><file name="functions.php" server="wavesecurehosting.com" local="3429592629" remote="318763443822460332" Dst="-1" /><file name="footer.php" server="wavesecurehosting.com" local="3429618448" remote="318763443822486132" Dst="-1" /><file name="header.php" server="wavesecurehosting.com" local="3429673320" remote="318763443822569832" Dst="-1" /><file name="index.php" server="wavesecurehosting.com" local="3429705946" remote="318763443822573612" Dst="-1" /><file name="sidebar.php" server="wavesecurehosting.com" local="3429590842" remote="318763443822458532" Dst="-1" /><file name="single.php" server="wavesecurehosting.com" local="3429617798" remote="318763443822485532" Dst="-1" /><file name="style.css" server="wavesecurehosting.com" local="3429618231" remote="318763443822485892" Dst="-1" /><file name="ie.css" server="wavesecurehosting.com" local="3429614794" remote="318763443821534052" Dst="-1" /><file name="reset.css" server="wavesecurehosting.com" local="3429614800" remote="318763443821534052" Dst="-1" /><file name="functions-admin.php" server="wavesecurehosting.com" local="3429614790" remote="318763443821534052" Dst="-1" /><file name="page.php" server="wavesecurehosting.com" local="3429617712" remote="318763443822485472" Dst="-1" /><file name="sidebar-banner.php" server="wavesecurehosting.com" local="3429614800" remote="318763443821534052" Dst="-1" /><file name="screenshot.png" server="wavesecurehosting.com" local="3429614800" remote="318763443821534052" Dst="-1" /><file name="desktop-version.php" server="wavesecurehosting.com" local="3429613979" remote="318763443822481692" Dst="-1" /><file name="search.php" server="wavesecurehosting.com" local="3429617020" remote="318763443822484692" Dst="-1" /><file name="404.php" server="wavesecurehosting.com" local="3429618406" remote="318763443822486072" Dst="-1" /><file name="404.php" server="Macintosh HD/Applications/XAMPP/xamppfiles/htdocs/my_wp/" local="3429618406" remote="318763443822514918" Dst="-1" /><file name="comments.php" server="Macintosh HD/Applications/XAMPP/xamppfiles/htdocs/my_wp/" local="3429614789" remote="318763443822511301" Dst="-1" /><file name="desktop-version.php" server="Macintosh HD/Applications/XAMPP/xamppfiles/htdocs/my_wp/" local="3430313728" remote="318763443823210240" Dst="-1" /><file name="footer.php" server="Macintosh HD/Applications/XAMPP/xamppfiles/htdocs/my_wp/" local="3429776794" remote="318763443822673306" Dst="-1" /><file name="functions-admin.php" server="Macintosh HD/Applications/XAMPP/xamppfiles/htdocs/my_wp/" local="3430215857" remote="318763443823112369" Dst="-1" /><file name="functions.php" server="Macintosh HD/Applications/XAMPP/xamppfiles/htdocs/my_wp/" local="3430291396" remote="318763443823187908" Dst="-1" /><file name="header.php" server="Macintosh HD/Applications/XAMPP/xamppfiles/htdocs/my_wp/" local="3430315058" remote="318763443823211570" Dst="-1" /><file name="ie.css" server="Macintosh HD/Applications/XAMPP/xamppfiles/htdocs/my_wp/" local="3429614794" remote="318763443822511306" Dst="-1" /><file name="index.php" server="Macintosh HD/Applications/XAMPP/xamppfiles/htdocs/my_wp/" local="3430211571" remote="318763443823108083" Dst="-1" /><file name="page.php" server="Macintosh HD/Applications/XAMPP/xamppfiles/htdocs/my_wp/" local="3429617712" remote="318763443822514224" Dst="-1" /><file name="reset.css" server="Macintosh HD/Applications/XAMPP/xamppfiles/htdocs/my_wp/" local="3429614800" remote="318763443822511312" Dst="-1" /><file name="screenshot.png" server="Macintosh HD/Applications/XAMPP/xamppfiles/htdocs/my_wp/" local="3430733892" remote="318763443823630404" Dst="-1" /><file name="search.php" server="Macintosh HD/Applications/XAMPP/xamppfiles/htdocs/my_wp/" local="3429617020" remote="318763443822513532" Dst="-1" /><file name="sidebar-banner.php" server="Macintosh HD/Applications/XAMPP/xamppfiles/htdocs/my_wp/" local="3429614800" remote="318763443822511312" Dst="-1" /><file name="sidebar.php" server="Macintosh HD/Applications/XAMPP/xamppfiles/htdocs/my_wp/" local="3430291382" remote="318763443823187894" Dst="-1" /><file name="single.php" server="Macintosh HD/Applications/XAMPP/xamppfiles/htdocs/my_wp/" local="3429617798" remote="318763443822514310" Dst="-1" /><file name="style.css" server="Macintosh HD/Applications/XAMPP/xamppfiles/htdocs/my_wp/" local="3430730759" remote="318763443823627271" Dst="-1" /><file name=".DS_Store" server="Macintosh HD/Applications/XAMPP/xamppfiles/htdocs/my_wp/" local="3430294047" remote="318763443823190559" Dst="-1" /></dwsync>