<?xml version="1.0" encoding="utf-8" ?><dwsync><file name="comments.php" server="wavesecurehosting.com" local="3429614789" remote="318763443821534052" Dst="-1" /><file name="functions.php" server="wavesecurehosting.com" local="3429592629" remote="318763443822460332" Dst="-1" /><file name="footer.php" server="wavesecurehosting.com" local="3429618448" remote="318763443822486132" Dst="-1" /><file name="header.php" server="wavesecurehosting.com" local="3429614232" remote="318763443822481932" Dst="-1" /><file name="index.php" server="wavesecurehosting.com" local="3429590806" remote="318763443822458532" Dst="-1" /><file name="sidebar.php" server="wavesecurehosting.com" local="3429590842" remote="318763443822458532" Dst="-1" /><file name="single.php" server="wavesecurehosting.com" local="3429617798" remote="318763443822485532" Dst="-1" /><file name="style.css" server="wavesecurehosting.com" local="3429618231" remote="318763443822485892" Dst="-1" /><file name="ie.css" server="wavesecurehosting.com" local="3429614794" remote="318763443821534052" Dst="-1" /><file name="reset.css" server="wavesecurehosting.com" local="3429614800" remote="318763443821534052" Dst="-1" /><file name="functions-admin.php" server="wavesecurehosting.com" local="3429614790" remote="318763443821534052" Dst="-1" /><file name="page.php" server="wavesecurehosting.com" local="3429617712" remote="318763443822485472" Dst="-1" /><file name="sidebar-banner.php" server="wavesecurehosting.com" local="3429614800" remote="318763443821534052" Dst="-1" /><file name="screenshot.png" server="wavesecurehosting.com" local="3429614800" remote="318763443821534052" Dst="-1" /><file name="desktop-version.php" server="wavesecurehosting.com" local="3429613979" remote="318763443822481692" Dst="-1" /><file name="search.php" server="wavesecurehosting.com" local="3429617020" remote="318763443822484692" Dst="-1" /><file name="404.php" server="wavesecurehosting.com" local="3429618406" remote="318763443822486072" Dst="-1" /></dwsync>