<?xml version="1.0" encoding="utf-8" ?><dwsync><file name="404.php" server="Macintosh HD/Applications/XAMPP/xamppfiles/htdocs/windsurf/" local="3429618406" remote="318763443822514918" Dst="-1" /><file name="comments.php" server="Macintosh HD/Applications/XAMPP/xamppfiles/htdocs/windsurf/" local="3429614789" remote="318763443822511301" Dst="-1" /><file name="desktop-version.php" server="Macintosh HD/Applications/XAMPP/xamppfiles/htdocs/windsurf/" local="3429776858" remote="318763443822673370" Dst="-1" /><file name="footer.php" server="Macintosh HD/Applications/XAMPP/xamppfiles/htdocs/windsurf/" local="3429776794" remote="318763443822673306" Dst="-1" /><file name="functions-admin.php" server="Macintosh HD/Applications/XAMPP/xamppfiles/htdocs/windsurf/" local="3430215857" remote="318763443823112369" Dst="-1" /><file name="functions.php" server="Macintosh HD/Applications/XAMPP/xamppfiles/htdocs/windsurf/" local="3429592629" remote="318763443822489141" Dst="-1" /><file name="header.php" server="Macintosh HD/Applications/XAMPP/xamppfiles/htdocs/windsurf/" local="3430223420" remote="318763443823119932" Dst="-1" /><file name="ie.css" server="Macintosh HD/Applications/XAMPP/xamppfiles/htdocs/windsurf/" local="3429614794" remote="318763443822511306" Dst="-1" /><file name="index.php" server="Macintosh HD/Applications/XAMPP/xamppfiles/htdocs/windsurf/" local="3430211571" remote="318763443823108083" Dst="-1" /><file name="page.php" server="Macintosh HD/Applications/XAMPP/xamppfiles/htdocs/windsurf/" local="3429617712" remote="318763443822514224" Dst="-1" /><file name="reset.css" server="Macintosh HD/Applications/XAMPP/xamppfiles/htdocs/windsurf/" local="3429614800" remote="318763443822511312" Dst="-1" /><file name="screenshot.png" server="Macintosh HD/Applications/XAMPP/xamppfiles/htdocs/windsurf/" local="3429614800" remote="318763443822511312" Dst="-1" /><file name="search.php" server="Macintosh HD/Applications/XAMPP/xamppfiles/htdocs/windsurf/" local="3429617020" remote="318763443822513532" Dst="-1" /><file name="sidebar-banner.php" server="Macintosh HD/Applications/XAMPP/xamppfiles/htdocs/windsurf/" local="3429614800" remote="318763443822511312" Dst="-1" /><file name="sidebar.php" server="Macintosh HD/Applications/XAMPP/xamppfiles/htdocs/windsurf/" local="3429590842" remote="318763443822487354" Dst="-1" /><file name="single.php" server="Macintosh HD/Applications/XAMPP/xamppfiles/htdocs/windsurf/" local="3429617798" remote="318763443822514310" Dst="-1" /><file name="style.css" server="Macintosh HD/Applications/XAMPP/xamppfiles/htdocs/windsurf/" local="3430222890" remote="318763443823119402" Dst="-1" /><file name="404.php" server="wavesecurehosting.com" local="3429618406" remote="318763443823157892" Dst="-1" /><file name="comments.php" server="wavesecurehosting.com" local="3429614789" remote="318763443823157892" Dst="-1" /><file name="desktop-version.php" server="wavesecurehosting.com" local="3429776858" remote="318763443823157892" Dst="-1" /><file name="footer.php" server="wavesecurehosting.com" local="3429776794" remote="318763443823157892" Dst="-1" /><file name="functions.php" server="wavesecurehosting.com" local="3430291396" remote="318763443823159092" Dst="-1" /><file name="header.php" server="wavesecurehosting.com" local="3430223420" remote="318763443823157892" Dst="-1" /><file name="functions-admin.php" server="wavesecurehosting.com" local="3430215857" remote="318763443823157892" Dst="-1" /><file name="ie.css" server="wavesecurehosting.com" local="3429614794" remote="318763443823157892" Dst="-1" /><file name="index.php" server="wavesecurehosting.com" local="3430211571" remote="318763443823157892" Dst="-1" /><file name="page.php" server="wavesecurehosting.com" local="3429617712" remote="318763443823157892" Dst="-1" /><file name="reset.css" server="wavesecurehosting.com" local="3429614800" remote="318763443823157892" Dst="-1" /><file name="screenshot.png" server="wavesecurehosting.com" local="3429614800" remote="318763443823157892" Dst="-1" /><file name="search.php" server="wavesecurehosting.com" local="3429617020" remote="318763443823157892" Dst="-1" /><file name="sidebar-banner.php" server="wavesecurehosting.com" local="3429614800" remote="318763443823157892" Dst="-1" /><file name="sidebar.php" server="wavesecurehosting.com" local="3430291382" remote="318763443823159092" Dst="-1" /><file name="single.php" server="wavesecurehosting.com" local="3429617798" remote="318763443823157892" Dst="-1" /><file name="style.css" server="wavesecurehosting.com" local="3430222890" remote="318763443823157892" Dst="-1" /></dwsync>