<?xml version="1.0" encoding="utf-8" ?><dwsync><file name="comments.php" server="wavesecurehosting.com" local="3428563538" remote="318763443821431272" Dst="-1" /><file name="functions.php" server="wavesecurehosting.com" local="3428480605" remote="318763443821348292" Dst="-1" /><file name="footer.php" server="wavesecurehosting.com" local="3427951931" remote="318763443820780872" Dst="-1" /><file name="header.php" server="wavesecurehosting.com" local="3428559758" remote="318763443821427432" Dst="-1" /><file name="index.php" server="wavesecurehosting.com" local="3428471304" remote="318763443821338992" Dst="-1" /><file name="sidebar.php" server="wavesecurehosting.com" local="3428558848" remote="318763443821427132" Dst="-1" /><file name="single.php" server="wavesecurehosting.com" local="3428041046" remote="318763443820908732" Dst="-1" /><file name="style.css" server="wavesecurehosting.com" local="3428569714" remote="318763443821437392" Dst="-1" /><file name="ie.css" server="wavesecurehosting.com" local="3427362856" remote="318763443820748832" Dst="-1" /><file name="reset.css" server="wavesecurehosting.com" local="3427362834" remote="318763443820748832" Dst="-1" /><file name="functions-admin.php" server="wavesecurehosting.com" local="3428483806" remote="318763443821351472" Dst="-1" /><file name="page.php" server="wavesecurehosting.com" local="3427885107" remote="318763443820752792" Dst="-1" /><file name="sidebar-banner.php" server="wavesecurehosting.com" local="3428465412" remote="318763443821307432" Dst="-1" /><file name="screenshot.png" server="wavesecurehosting.com" local="3428484461" remote="318763443821352132" Dst="-1" /></dwsync>