<?xml version="1.0" encoding="utf-8" ?><dwsync><file name="404.php" server="Macintosh HD/Applications/XAMPP/xamppfiles/htdocs/windsurf/" local="3429853551" remote="318763443822750063" Dst="-1" /><file name="comments.php" server="Macintosh HD/Applications/XAMPP/xamppfiles/htdocs/windsurf/" local="3429853551" remote="318763443822750063" Dst="-1" /><file name="desktop-version.php" server="Macintosh HD/Applications/XAMPP/xamppfiles/htdocs/windsurf/" local="3429853552" remote="318763443822750064" Dst="-1" /><file name="footer.php" server="Macintosh HD/Applications/XAMPP/xamppfiles/htdocs/windsurf/" local="3429853552" remote="318763443822750064" Dst="-1" /><file name="functions-admin.php" server="Macintosh HD/Applications/XAMPP/xamppfiles/htdocs/windsurf/" local="3430222779" remote="318763443823119291" Dst="-1" /><file name="functions.php" server="Macintosh HD/Applications/XAMPP/xamppfiles/htdocs/windsurf/" local="3429855582" remote="318763443822752094" Dst="-1" /><file name="header.php" server="Macintosh HD/Applications/XAMPP/xamppfiles/htdocs/windsurf/" local="3430223439" remote="318763443823119951" Dst="-1" /><file name="ie.css" server="Macintosh HD/Applications/XAMPP/xamppfiles/htdocs/windsurf/" local="3429853552" remote="318763443822750064" Dst="-1" /><file name="index.php" server="Macintosh HD/Applications/XAMPP/xamppfiles/htdocs/windsurf/" local="3430222795" remote="318763443823119307" Dst="-1" /><file name="page.php" server="Macintosh HD/Applications/XAMPP/xamppfiles/htdocs/windsurf/" local="3429853552" remote="318763443822750064" Dst="-1" /><file name="reset.css" server="Macintosh HD/Applications/XAMPP/xamppfiles/htdocs/windsurf/" local="3429853553" remote="318763443822750065" Dst="-1" /><file name="screenshot.png" server="Macintosh HD/Applications/XAMPP/xamppfiles/htdocs/windsurf/" local="3429853553" remote="318763443822750065" Dst="-1" /><file name="search.php" server="Macintosh HD/Applications/XAMPP/xamppfiles/htdocs/windsurf/" local="3429853553" remote="318763443822750065" Dst="-1" /><file name="sidebar-banner.php" server="Macintosh HD/Applications/XAMPP/xamppfiles/htdocs/windsurf/" local="3429853553" remote="318763443822750065" Dst="-1" /><file name="sidebar.php" server="Macintosh HD/Applications/XAMPP/xamppfiles/htdocs/windsurf/" local="3429853553" remote="318763443822750065" Dst="-1" /><file name="single.php" server="Macintosh HD/Applications/XAMPP/xamppfiles/htdocs/windsurf/" local="3429853553" remote="318763443822750065" Dst="-1" /><file name="style.css" server="Macintosh HD/Applications/XAMPP/xamppfiles/htdocs/windsurf/" local="3430222914" remote="318763443823119426" Dst="-1" /><file name="404.php" server="wavesecurehosting.com" local="3429853551" remote="318763443823157892" Dst="-1" /><file name="comments.php" server="wavesecurehosting.com" local="3429853551" remote="318763443823157892" Dst="-1" /><file name="desktop-version.php" server="wavesecurehosting.com" local="3429853552" remote="318763443823157892" Dst="-1" /><file name="footer.php" server="wavesecurehosting.com" local="3429853552" remote="318763443823157892" Dst="-1" /><file name="functions-admin.php" server="wavesecurehosting.com" local="3430222779" remote="318763443823157892" Dst="-1" /><file name="functions.php" server="wavesecurehosting.com" local="3430291341" remote="318763443823159032" Dst="-1" /><file name="header.php" server="wavesecurehosting.com" local="3430292109" remote="318763443823159812" Dst="-1" /><file name="ie.css" server="wavesecurehosting.com" local="3429853552" remote="318763443823157892" Dst="-1" /><file name="index.php" server="wavesecurehosting.com" local="3430222795" remote="318763443823157892" Dst="-1" /><file name="page.php" server="wavesecurehosting.com" local="3429853552" remote="318763443823157892" Dst="-1" /><file name="reset.css" server="wavesecurehosting.com" local="3429853553" remote="318763443823157892" Dst="-1" /><file name="screenshot.png" server="wavesecurehosting.com" local="3429853553" remote="318763443823157892" Dst="-1" /><file name="search.php" server="wavesecurehosting.com" local="3429853553" remote="318763443823157892" Dst="-1" /><file name="sidebar-banner.php" server="wavesecurehosting.com" local="3429853553" remote="318763443823157892" Dst="-1" /><file name="sidebar.php" server="wavesecurehosting.com" local="3430291352" remote="318763443823159032" Dst="-1" /><file name="single.php" server="wavesecurehosting.com" local="3429853553" remote="318763443823157892" Dst="-1" /><file name="style.css" server="wavesecurehosting.com" local="3430222914" remote="318763443823157892" Dst="-1" /></dwsync>