<?xml version="1.0" encoding="utf-8" ?><dwsync><file name="comments.php" server="wavesecurehosting.com" local="3429614789" remote="318763443821534052" Dst="-1" /><file name="functions.php" server="wavesecurehosting.com" local="3429592629" remote="318763443822460332" Dst="-1" /><file name="footer.php" server="wavesecurehosting.com" local="3429618448" remote="318763443822486132" Dst="-1" /><file name="header.php" server="wavesecurehosting.com" local="3429673320" remote="318763443822569832" Dst="-1" /><file name="index.php" server="wavesecurehosting.com" local="3429705946" remote="318763443822573612" Dst="-1" /><file name="sidebar.php" server="wavesecurehosting.com" local="3429590842" remote="318763443822458532" Dst="-1" /><file name="single.php" server="wavesecurehosting.com" local="3429617798" remote="318763443822485532" Dst="-1" /><file name="style.css" server="wavesecurehosting.com" local="3429618231" remote="318763443822485892" Dst="-1" /><file name="ie.css" server="wavesecurehosting.com" local="3429614794" remote="318763443821534052" Dst="-1" /><file name="reset.css" server="wavesecurehosting.com" local="3429614800" remote="318763443821534052" Dst="-1" /><file name="functions-admin.php" server="wavesecurehosting.com" local="3429614790" remote="318763443821534052" Dst="-1" /><file name="page.php" server="wavesecurehosting.com" local="3429617712" remote="318763443822485472" Dst="-1" /><file name="sidebar-banner.php" server="wavesecurehosting.com" local="3429614800" remote="318763443821534052" Dst="-1" /><file name="screenshot.png" server="wavesecurehosting.com" local="3429614800" remote="318763443821534052" Dst="-1" /><file name="desktop-version.php" server="wavesecurehosting.com" local="3429613979" remote="318763443822481692" Dst="-1" /><file name="search.php" server="wavesecurehosting.com" local="3429617020" remote="318763443822484692" Dst="-1" /><file name="404.php" server="wavesecurehosting.com" local="3429618406" remote="318763443822486072" Dst="-1" /><file name="404.php" server="Macintosh HD/Applications/XAMPP/xamppfiles/htdocs/my_wp/" local="3429853551" remote="318763443822750063" Dst="-1" /><file name="comments.php" server="Macintosh HD/Applications/XAMPP/xamppfiles/htdocs/my_wp/" local="3429853551" remote="318763443822750063" Dst="-1" /><file name="desktop-version.php" server="Macintosh HD/Applications/XAMPP/xamppfiles/htdocs/my_wp/" local="3430313717" remote="318763443823210229" Dst="-1" /><file name="footer.php" server="Macintosh HD/Applications/XAMPP/xamppfiles/htdocs/my_wp/" local="3429853552" remote="318763443822750064" Dst="-1" /><file name="functions-admin.php" server="Macintosh HD/Applications/XAMPP/xamppfiles/htdocs/my_wp/" local="3430222779" remote="318763443823119291" Dst="-1" /><file name="functions.php" server="Macintosh HD/Applications/XAMPP/xamppfiles/htdocs/my_wp/" local="3430291341" remote="318763443823187853" Dst="-1" /><file name="header.php" server="Macintosh HD/Applications/XAMPP/xamppfiles/htdocs/my_wp/" local="3430315002" remote="318763443823211514" Dst="-1" /><file name="ie.css" server="Macintosh HD/Applications/XAMPP/xamppfiles/htdocs/my_wp/" local="3429853552" remote="318763443822750064" Dst="-1" /><file name="index.php" server="Macintosh HD/Applications/XAMPP/xamppfiles/htdocs/my_wp/" local="3430222795" remote="318763443823119307" Dst="-1" /><file name="page.php" server="Macintosh HD/Applications/XAMPP/xamppfiles/htdocs/my_wp/" local="3429853552" remote="318763443822750064" Dst="-1" /><file name="reset.css" server="Macintosh HD/Applications/XAMPP/xamppfiles/htdocs/my_wp/" local="3429853553" remote="318763443822750065" Dst="-1" /><file name="screenshot.png" server="Macintosh HD/Applications/XAMPP/xamppfiles/htdocs/my_wp/" local="3430733812" remote="318763443823630324" Dst="-1" /><file name="search.php" server="Macintosh HD/Applications/XAMPP/xamppfiles/htdocs/my_wp/" local="3429853553" remote="318763443822750065" Dst="-1" /><file name="sidebar-banner.php" server="Macintosh HD/Applications/XAMPP/xamppfiles/htdocs/my_wp/" local="3429853553" remote="318763443822750065" Dst="-1" /><file name="sidebar.php" server="Macintosh HD/Applications/XAMPP/xamppfiles/htdocs/my_wp/" local="3430291352" remote="318763443823187864" Dst="-1" /><file name="single.php" server="Macintosh HD/Applications/XAMPP/xamppfiles/htdocs/my_wp/" local="3429853553" remote="318763443822750065" Dst="-1" /><file name="style.css" server="Macintosh HD/Applications/XAMPP/xamppfiles/htdocs/my_wp/" local="3430730826" remote="318763443823627338" Dst="-1" /><file name=".DS_Store" server="Macintosh HD/Applications/XAMPP/xamppfiles/htdocs/my_wp/" local="3430294111" remote="318763443823190623" Dst="-1" /></dwsync>