<?xml version="1.0" encoding="utf-8" ?><dwsync><file name="html5.js" server="Macintosh HD/Applications/XAMPP/xamppfiles/htdocs/windsurf/" local="3429853552" remote="318763443822750064" Dst="-1" /><file name="my-script.js" server="Macintosh HD/Applications/XAMPP/xamppfiles/htdocs/windsurf/" local="3429853552" remote="318763443822750064" Dst="-1" /><file name="showcase.js" server="Macintosh HD/Applications/XAMPP/xamppfiles/htdocs/windsurf/" local="3429853552" remote="318763443822750064" Dst="-1" /><file name="site.js" server="Macintosh HD/Applications/XAMPP/xamppfiles/htdocs/windsurf/" local="3429853552" remote="318763443822750064" Dst="-1" /><file name="untitled.html" server="Macintosh HD/Applications/XAMPP/xamppfiles/htdocs/windsurf/" local="3429853552" remote="318763443822750064" Dst="-1" /><file name="html5.js" server="wavesecurehosting.com" local="3429853552" remote="318763443823157892" Dst="-1" /><file name="my-script.js" server="wavesecurehosting.com" local="3429853552" remote="318763443823157892" Dst="-1" /><file name="showcase.js" server="wavesecurehosting.com" local="3429853552" remote="318763443823157892" Dst="-1" /><file name="site.js" server="wavesecurehosting.com" local="3430293706" remote="318763443823161372" Dst="-1" /><file name="untitled.html" server="wavesecurehosting.com" local="3429853552" remote="318763443823157892" Dst="-1" /></dwsync>