<?xml version="1.0" encoding="utf-8" ?><dwsync><file name="404.php" server="Macintosh HD/Applications/XAMPP/xamppfiles/htdocs/windsurf/" local="3429788484" remote="318763443822684996" Dst="-1" /><file name="comments.php" server="Macintosh HD/Applications/XAMPP/xamppfiles/htdocs/windsurf/" local="3429788484" remote="318763443822684996" Dst="-1" /><file name="desktop-version.php" server="Macintosh HD/Applications/XAMPP/xamppfiles/htdocs/windsurf/" local="3429788484" remote="318763443822684996" Dst="-1" /><file name="footer.php" server="Macintosh HD/Applications/XAMPP/xamppfiles/htdocs/windsurf/" local="3429788484" remote="318763443822684996" Dst="-1" /><file name="functions-admin.php" server="Macintosh HD/Applications/XAMPP/xamppfiles/htdocs/windsurf/" local="3430222767" remote="318763443823119279" Dst="-1" /><file name="functions.php" server="Macintosh HD/Applications/XAMPP/xamppfiles/htdocs/windsurf/" local="3429855564" remote="318763443822752076" Dst="-1" /><file name="header.php" server="Macintosh HD/Applications/XAMPP/xamppfiles/htdocs/windsurf/" local="3430223408" remote="318763443823119920" Dst="-1" /><file name="ie.css" server="Macintosh HD/Applications/XAMPP/xamppfiles/htdocs/windsurf/" local="3429788484" remote="318763443822684996" Dst="-1" /><file name="index.php" server="Macintosh HD/Applications/XAMPP/xamppfiles/htdocs/windsurf/" local="3430222832" remote="318763443823119344" Dst="-1" /><file name="page.php" server="Macintosh HD/Applications/XAMPP/xamppfiles/htdocs/windsurf/" local="3429788484" remote="318763443822684996" Dst="-1" /><file name="reset.css" server="Macintosh HD/Applications/XAMPP/xamppfiles/htdocs/windsurf/" local="3429788484" remote="318763443822684996" Dst="-1" /><file name="screenshot.png" server="Macintosh HD/Applications/XAMPP/xamppfiles/htdocs/windsurf/" local="3429788484" remote="318763443822684996" Dst="-1" /><file name="search.php" server="Macintosh HD/Applications/XAMPP/xamppfiles/htdocs/windsurf/" local="3429788484" remote="318763443822684996" Dst="-1" /><file name="sidebar-banner.php" server="Macintosh HD/Applications/XAMPP/xamppfiles/htdocs/windsurf/" local="3429788484" remote="318763443822684996" Dst="-1" /><file name="sidebar.php" server="Macintosh HD/Applications/XAMPP/xamppfiles/htdocs/windsurf/" local="3429788484" remote="318763443822684996" Dst="-1" /><file name="single.php" server="Macintosh HD/Applications/XAMPP/xamppfiles/htdocs/windsurf/" local="3429788484" remote="318763443822684996" Dst="-1" /><file name="style.css" server="Macintosh HD/Applications/XAMPP/xamppfiles/htdocs/windsurf/" local="3430223642" remote="318763443823120154" Dst="-1" /><file name="404.php" server="wavesecurehosting.com" local="3429788484" remote="318763443823157892" Dst="-1" /><file name="comments.php" server="wavesecurehosting.com" local="3429788484" remote="318763443823157892" Dst="-1" /><file name="desktop-version.php" server="wavesecurehosting.com" local="3429788484" remote="318763443823157892" Dst="-1" /><file name="footer.php" server="wavesecurehosting.com" local="3429788484" remote="318763443823157892" Dst="-1" /><file name="functions-admin.php" server="wavesecurehosting.com" local="3430222767" remote="318763443823157892" Dst="-1" /><file name="functions.php" server="wavesecurehosting.com" local="3430290875" remote="318763443823158552" Dst="-1" /><file name="header.php" server="wavesecurehosting.com" local="3430292967" remote="318763443823160652" Dst="-1" /><file name="ie.css" server="wavesecurehosting.com" local="3429788484" remote="318763443823157892" Dst="-1" /><file name="index.php" server="wavesecurehosting.com" local="3430222832" remote="318763443823157892" Dst="-1" /><file name="page.php" server="wavesecurehosting.com" local="3429788484" remote="318763443823157892" Dst="-1" /><file name="reset.css" server="wavesecurehosting.com" local="3429788484" remote="318763443823157892" Dst="-1" /><file name="screenshot.png" server="wavesecurehosting.com" local="3429788484" remote="318763443823157892" Dst="-1" /><file name="search.php" server="wavesecurehosting.com" local="3429788484" remote="318763443823157892" Dst="-1" /><file name="sidebar-banner.php" server="wavesecurehosting.com" local="3429788484" remote="318763443823157892" Dst="-1" /><file name="sidebar.php" server="wavesecurehosting.com" local="3430291225" remote="318763443823158972" Dst="-1" /><file name="single.php" server="wavesecurehosting.com" local="3429788484" remote="318763443823157892" Dst="-1" /><file name="style.css" server="wavesecurehosting.com" local="3430293095" remote="318763443823160772" Dst="-1" /></dwsync>