<?xml version="1.0" encoding="utf-8" ?><dwsync><file name="404.php" server="Macintosh HD/Applications/XAMPP/xamppfiles/htdocs/testwp/" local="3436427478" remote="318763443829323990" Dst="-1" /><file name="archive.php" server="Macintosh HD/Applications/XAMPP/xamppfiles/htdocs/testwp/" local="3436427478" remote="318763443829323990" Dst="-1" /><file name="attachment.php" server="Macintosh HD/Applications/XAMPP/xamppfiles/htdocs/testwp/" local="3436427478" remote="318763443829323990" Dst="-1" /><file name="author.php" server="Macintosh HD/Applications/XAMPP/xamppfiles/htdocs/testwp/" local="3436427478" remote="318763443829323990" Dst="-1" /><file name="category.php" server="Macintosh HD/Applications/XAMPP/xamppfiles/htdocs/testwp/" local="3436427478" remote="318763443829323990" Dst="-1" /><file name="comments.php" server="Macintosh HD/Applications/XAMPP/xamppfiles/htdocs/testwp/" local="3436427478" remote="318763443829323990" Dst="-1" /><file name="editor-style-rtl.css" server="Macintosh HD/Applications/XAMPP/xamppfiles/htdocs/testwp/" local="3436427478" remote="318763443829323990" Dst="-1" /><file name="editor-style.css" server="Macintosh HD/Applications/XAMPP/xamppfiles/htdocs/testwp/" local="3436427478" remote="318763443829323990" Dst="-1" /><file name="footer.php" server="Macintosh HD/Applications/XAMPP/xamppfiles/htdocs/testwp/" local="3436427478" remote="318763443829323990" Dst="-1" /><file name="functions.php" server="Macintosh HD/Applications/XAMPP/xamppfiles/htdocs/testwp/" local="3436792448" remote="318763443829688960" Dst="-1" /><file name="header.php" server="Macintosh HD/Applications/XAMPP/xamppfiles/htdocs/testwp/" local="3436943344" remote="318763443829839856" Dst="-1" /><file name="index.php" server="Macintosh HD/Applications/XAMPP/xamppfiles/htdocs/testwp/" local="3436427479" remote="318763443829323991" Dst="-1" /><file name="license.txt" server="Macintosh HD/Applications/XAMPP/xamppfiles/htdocs/testwp/" local="3436427479" remote="318763443829323991" Dst="-1" /><file name="loop-attachment.php" server="Macintosh HD/Applications/XAMPP/xamppfiles/htdocs/testwp/" local="3436427479" remote="318763443829323991" Dst="-1" /><file name="loop-page.php" server="Macintosh HD/Applications/XAMPP/xamppfiles/htdocs/testwp/" local="3436450846" remote="318763443829347358" Dst="-1" /><file name="loop-single.php" server="Macintosh HD/Applications/XAMPP/xamppfiles/htdocs/testwp/" local="3436450836" remote="318763443829347348" Dst="-1" /><file name="loop.php" server="Macintosh HD/Applications/XAMPP/xamppfiles/htdocs/testwp/" local="3436791421" remote="318763443829687933" Dst="-1" /><file name="onecolumn-page.php" server="Macintosh HD/Applications/XAMPP/xamppfiles/htdocs/testwp/" local="3436427479" remote="318763443829323991" Dst="-1" /><file name="page.php" server="Macintosh HD/Applications/XAMPP/xamppfiles/htdocs/testwp/" local="3436427479" remote="318763443829323991" Dst="-1" /><file name="rtl.css" server="Macintosh HD/Applications/XAMPP/xamppfiles/htdocs/testwp/" local="3436427479" remote="318763443829323991" Dst="-1" /><file name="screenshot.png" server="Macintosh HD/Applications/XAMPP/xamppfiles/htdocs/testwp/" local="3436427479" remote="318763443829323991" Dst="-1" /><file name="search.php" server="Macintosh HD/Applications/XAMPP/xamppfiles/htdocs/testwp/" local="3436427479" remote="318763443829323991" Dst="-1" /><file name="sidebar-footer.php" server="Macintosh HD/Applications/XAMPP/xamppfiles/htdocs/testwp/" local="3436427479" remote="318763443829323991" Dst="-1" /><file name="sidebar.php" server="Macintosh HD/Applications/XAMPP/xamppfiles/htdocs/testwp/" local="3436427479" remote="318763443829323991" Dst="-1" /><file name="single.php" server="Macintosh HD/Applications/XAMPP/xamppfiles/htdocs/testwp/" local="3436427479" remote="318763443829323991" Dst="-1" /><file name="style.css" server="Macintosh HD/Applications/XAMPP/xamppfiles/htdocs/testwp/" local="3436943494" remote="318763443829840006" Dst="-1" /><file name="tag.php" server="Macintosh HD/Applications/XAMPP/xamppfiles/htdocs/testwp/" local="3436427479" remote="318763443829323991" Dst="-1" /><file name="functions-admin.php" server="Macintosh HD/Applications/XAMPP/xamppfiles/htdocs/testwp/" local="3436866258" remote="318763443829762770" Dst="-1" /></dwsync>