<?xml version="1.0" encoding="utf-8" ?><dwsync><file name="html5.js" server="Macintosh HD/Applications/XAMPP/xamppfiles/htdocs/windsurf/" local="3429788484" remote="318763443822684996" Dst="-1" /><file name="showcase.js" server="Macintosh HD/Applications/XAMPP/xamppfiles/htdocs/windsurf/" local="3429788484" remote="318763443822684996" Dst="-1" /><file name="site.js" server="Macintosh HD/Applications/XAMPP/xamppfiles/htdocs/windsurf/" local="3429788484" remote="318763443822684996" Dst="-1" /><file name="html5.js" server="wavesecurehosting.com" local="3429788484" remote="318763443823157892" Dst="-1" /><file name="showcase.js" server="wavesecurehosting.com" local="3429788484" remote="318763443823157892" Dst="-1" /><file name="site.js" server="wavesecurehosting.com" local="3430293651" remote="318763443823161312" Dst="-1" /><file name=".DS_Store" server="Macintosh HD/Applications/XAMPP/xamppfiles/htdocs/my_wp/" local="3430294098" remote="318763443823190610" Dst="-1" /><file name="html5.js" server="Macintosh HD/Applications/XAMPP/xamppfiles/htdocs/my_wp/" local="3429788484" remote="318763443822684996" Dst="-1" /><file name="showcase.js" server="Macintosh HD/Applications/XAMPP/xamppfiles/htdocs/my_wp/" local="3429788484" remote="318763443822684996" Dst="-1" /><file name="site.js" server="Macintosh HD/Applications/XAMPP/xamppfiles/htdocs/my_wp/" local="3430293651" remote="318763443823190163" Dst="-1" /></dwsync>