<?xml version="1.0" encoding="utf-8" ?><dwsync><file name="berries-thumbnail.jpg" server="Macintosh HD/Applications/XAMPP/xamppfiles/htdocs/testwp/" local="3436427478" remote="318763443829323990" Dst="-1" /><file name="berries.jpg" server="Macintosh HD/Applications/XAMPP/xamppfiles/htdocs/testwp/" local="3436427478" remote="318763443829323990" Dst="-1" /><file name="cherryblossoms-thumbnail.jpg" server="Macintosh HD/Applications/XAMPP/xamppfiles/htdocs/testwp/" local="3436427478" remote="318763443829323990" Dst="-1" /><file name="cherryblossoms.jpg" server="Macintosh HD/Applications/XAMPP/xamppfiles/htdocs/testwp/" local="3436427478" remote="318763443829323990" Dst="-1" /><file name="concave-thumbnail.jpg" server="Macintosh HD/Applications/XAMPP/xamppfiles/htdocs/testwp/" local="3436427478" remote="318763443829323990" Dst="-1" /><file name="concave.jpg" server="Macintosh HD/Applications/XAMPP/xamppfiles/htdocs/testwp/" local="3436427478" remote="318763443829323990" Dst="-1" /><file name="fern-thumbnail.jpg" server="Macintosh HD/Applications/XAMPP/xamppfiles/htdocs/testwp/" local="3436427478" remote="318763443829323990" Dst="-1" /><file name="fern.jpg" server="Macintosh HD/Applications/XAMPP/xamppfiles/htdocs/testwp/" local="3436427478" remote="318763443829323990" Dst="-1" /><file name="forestfloor-thumbnail.jpg" server="Macintosh HD/Applications/XAMPP/xamppfiles/htdocs/testwp/" local="3436427478" remote="318763443829323990" Dst="-1" /><file name="forestfloor.jpg" server="Macintosh HD/Applications/XAMPP/xamppfiles/htdocs/testwp/" local="3436427478" remote="318763443829323990" Dst="-1" /><file name="inkwell-thumbnail.jpg" server="Macintosh HD/Applications/XAMPP/xamppfiles/htdocs/testwp/" local="3436427478" remote="318763443829323990" Dst="-1" /><file name="inkwell.jpg" server="Macintosh HD/Applications/XAMPP/xamppfiles/htdocs/testwp/" local="3436427479" remote="318763443829323991" Dst="-1" /><file name="path-thumbnail.jpg" server="Macintosh HD/Applications/XAMPP/xamppfiles/htdocs/testwp/" local="3436427479" remote="318763443829323991" Dst="-1" /><file name="path.jpg" server="Macintosh HD/Applications/XAMPP/xamppfiles/htdocs/testwp/" local="3436427479" remote="318763443829323991" Dst="-1" /><file name="sunset-thumbnail.jpg" server="Macintosh HD/Applications/XAMPP/xamppfiles/htdocs/testwp/" local="3436427479" remote="318763443829323991" Dst="-1" /><file name="sunset.jpg" server="Macintosh HD/Applications/XAMPP/xamppfiles/htdocs/testwp/" local="3436427479" remote="318763443829323991" Dst="-1" /></dwsync>