<?xml version="1.0" encoding="utf-8" ?><dwsync><file name="html5.js" server="Macintosh HD/Applications/XAMPP/xamppfiles/htdocs/windsurf/" local="3429614797" remote="318763443822511309" Dst="-1" /><file name="my-script.js" server="Macintosh HD/Applications/XAMPP/xamppfiles/htdocs/windsurf/" local="3429614797" remote="318763443822511309" Dst="-1" /><file name="showcase.js" server="Macintosh HD/Applications/XAMPP/xamppfiles/htdocs/windsurf/" local="3429614797" remote="318763443822511309" Dst="-1" /><file name="site.js" server="Macintosh HD/Applications/XAMPP/xamppfiles/htdocs/windsurf/" local="3429617901" remote="318763443822514413" Dst="-1" /><file name="untitled.html" server="Macintosh HD/Applications/XAMPP/xamppfiles/htdocs/windsurf/" local="3429614799" remote="318763443822511311" Dst="-1" /><file name="html5.js" server="wavesecurehosting.com" local="3429614797" remote="318763443823157892" Dst="-1" /><file name="my-script.js" server="wavesecurehosting.com" local="3429614797" remote="318763443823157892" Dst="-1" /><file name="showcase.js" server="wavesecurehosting.com" local="3429614797" remote="318763443823157892" Dst="-1" /><file name="site.js" server="wavesecurehosting.com" local="3430293692" remote="318763443823161372" Dst="-1" /><file name="untitled.html" server="wavesecurehosting.com" local="3429614799" remote="318763443823157892" Dst="-1" /></dwsync>